{"cameraMode":{"drawMode":0,"name":"Shaded","section":"Shading Mode"},"sceneLighting":true,"audioPlay":false,"sceneViewState":{"showFog":true,"showMaterialUpdate":false,"showSkybox":true,"showFlares":true,"showImageEffects":true,"showParticleSystems":true},"in2DMode":false,"pivot":{"x":92.0999984741211,"y":0.1770000457763672,"z":175.82000732421876},"rotation":{"x":-0.25483453273773196,"y":-0.41466066241264346,"z":0.12216663360595703,"w":-0.8650117516517639},"size":6.062177658081055,"orthographic":true}