{"cameraMode":{"drawMode":0,"name":"Shaded","section":"Shading Mode"},"sceneLighting":true,"audioPlay":false,"sceneViewState":{"showFog":true,"showMaterialUpdate":false,"showSkybox":true,"showFlares":true,"showImageEffects":true,"showParticleSystems":true},"in2DMode":false,"pivot":{"x":92.05104064941406,"y":1.05525803565979,"z":175.78749084472657},"rotation":{"x":-0.06296061724424362,"y":-0.2138935625553131,"z":0.013809755444526673,"w":-0.9747534990310669},"size":1.3207803964614869,"orthographic":true}