{"cameraMode":{"drawMode":0,"name":"Shaded","section":"Shading Mode"},"sceneLighting":true,"audioPlay":false,"sceneViewState":{"showFog":true,"showMaterialUpdate":false,"showSkybox":true,"showFlares":true,"showImageEffects":true,"showParticleSystems":true},"in2DMode":false,"pivot":{"x":99.92729949951172,"y":0.8782576322555542,"z":49.85314178466797},"rotation":{"x":-0.08698492497205734,"y":0.8992449641227722,"z":-0.37437960505485537,"w":-0.2089480757713318},"size":49.30646514892578,"orthographic":true}