{"cameraMode":{"drawMode":0,"name":"Shaded","section":"Shading Mode"},"sceneLighting":true,"audioPlay":false,"sceneViewState":{"showFog":true,"showMaterialUpdate":false,"showSkybox":true,"showFlares":true,"showImageEffects":true,"showParticleSystems":true},"in2DMode":false,"pivot":{"x":311.2014465332031,"y":99.58826446533203,"z":-125.10664367675781},"rotation":{"x":-0.009000294841825962,"y":0.004490427672863007,"z":-0.00003548749373294413,"w":-0.9999762773513794},"size":614.2285766601563,"orthographic":true}