{"cameraMode":{"drawMode":0,"name":"Shaded","section":"Shading Mode"},"sceneLighting":true,"audioPlay":false,"sceneViewState":{"showFog":true,"showMaterialUpdate":false,"showSkybox":true,"showFlares":true,"showImageEffects":true,"showParticleSystems":true},"in2DMode":false,"pivot":{"x":92.05104064941406,"y":1.05525803565979,"z":175.78749084472657},"rotation":{"x":-0.22269289195537568,"y":0.5367864370346069,"z":-0.14943446218967439,"w":-0.7999940514564514},"size":4.63752555847168,"orthographic":true}