{"cameraMode":{"drawMode":0,"name":"Shaded","section":"Shading Mode"},"sceneLighting":true,"audioPlay":false,"sceneViewState":{"showFog":true,"showMaterialUpdate":false,"showSkybox":true,"showFlares":true,"showImageEffects":true,"showParticleSystems":true},"in2DMode":false,"pivot":{"x":89.87728881835938,"y":4.100000381469727,"z":207.33982849121095},"rotation":{"x":-0.2794238328933716,"y":-0.5389326810836792,"z":0.19550220668315888,"w":-0.7702562212944031},"size":10.0,"orthographic":true}