{"cameraMode":{"drawMode":0,"name":"Shaded","section":"Shading Mode"},"sceneLighting":true,"audioPlay":false,"sceneViewState":{"showFog":true,"showMaterialUpdate":false,"showSkybox":true,"showFlares":true,"showImageEffects":true,"showParticleSystems":true},"in2DMode":false,"pivot":{"x":92.05104064941406,"y":1.05525803565979,"z":175.78749084472657},"rotation":{"x":-0.11520460993051529,"y":0.026807419955730439,"z":-0.0031171285081654789,"w":-0.9930011630058289},"size":4.63752555847168,"orthographic":true}