{"cameraMode":{"drawMode":0,"name":"Shaded","section":"Shading Mode"},"sceneLighting":false,"audioPlay":false,"sceneViewState":{"showFog":true,"showMaterialUpdate":false,"showSkybox":false,"showFlares":true,"showImageEffects":true,"showParticleSystems":true},"in2DMode":false,"pivot":{"x":92.02729797363281,"y":0.8782576322555542,"z":175.67315673828126},"rotation":{"x":0.4517458975315094,"y":0.5482008457183838,"z":-0.5030865669250488,"w":0.49227988719940188},"size":1.2689579725265504,"orthographic":true}