{"cameraMode":{"drawMode":0,"name":"Shaded","section":"Shading Mode"},"sceneLighting":true,"audioPlay":false,"sceneViewState":{"showFog":true,"showMaterialUpdate":false,"showSkybox":true,"showFlares":true,"showImageEffects":true,"showParticleSystems":true},"in2DMode":false,"pivot":{"x":512.9566650390625,"y":280.2770690917969,"z":25.95545768737793},"rotation":{"x":0.06145410239696503,"y":0.01645912230014801,"z":0.0010262680007144809,"w":-0.9980007410049439},"size":295.66314697265627,"orthographic":true}