{"cameraMode":{"drawMode":0,"name":"Shaded","section":"Shading Mode"},"sceneLighting":true,"audioPlay":false,"sceneViewState":{"showFog":true,"showMaterialUpdate":false,"showSkybox":true,"showFlares":true,"showImageEffects":true,"showParticleSystems":true},"in2DMode":false,"pivot":{"x":129.2313690185547,"y":-30.295150756835939,"z":93.37722778320313},"rotation":{"x":0.4517458975315094,"y":0.5482008457183838,"z":-0.5030865669250488,"w":0.49227988719940188},"size":10.0,"orthographic":true}